<?xml version="1.0"?>
<manifest identifier="SingleCourseManifest" version="1.2"
          xmlns="http://www.imsproject.org/xsd/imscp_rootv1p1p2"
          xmlns:adlcp="http://www.adlnet.org/xsd/adlcp_rootv1p2"
          xmlns:xsi="http://www.w3.org/2001/XMLSchema-instance"
          xsi:schemaLocation="http://www.imsproject.org/xsd/imscp_rootv1p1p2 imscp_rootv1p1p2.xsd                     http://www.imsglobal.org/xsd/imsmd_rootv1p2p1 imsmd_rootv1p2p1.xsd                              http://www.adlnet.org/xsd/adlcp_rootv1p2 adlcp_rootv1p2.xsd">
	<metadata/>
	<organizations default="contabil">
	   <organization identifier="contabil">
	   <title>Gestão de Mídias Sociais</title>
			<item identifier="MOD_1" isvisible="true">
				<title>Módulo II - Briefing</title>

				<item identifier="MOD_1_SCO_1" identifierref="RES_1" isvisible="true">
					<title>Módulo II - Briefing</title>
				</item>

			<item identifier="MOD_1_SCO_2" identifierref="RES_2" isvisible="true">
					<title>Apresentação</title>
					<adlcp:prerequisites type="aicc_script">MOD_1_SCO_1</adlcp:prerequisites>
				</item>

				<item identifier="MOD_1_SCO_3" identifierref="RES_3" isvisible="true">
					<title>Definição e Objetivos</title>
					<adlcp:prerequisites type="aicc_script">MOD_1_SCO_2</adlcp:prerequisites>
				</item>

				<item identifier="MOD_1_SCO_4" identifierref="RES_4" isvisible="true">
					<title>Caso de Ensino</title>
					<adlcp:prerequisites type="aicc_script">MOD_1_SCO_3</adlcp:prerequisites>
				</item>

				<item identifier="MOD_1_SCO_5" identifierref="RES_5" isvisible="true">
					<title>Análise de Custo-beneficio</title>
					<adlcp:prerequisites type="aicc_script">MOD_1_SCO_4</adlcp:prerequisites>
				</item>

				<item identifier="MOD_1_SCO_6" identifierref="RES_6" isvisible="true">
					<title>O que poderá ser feito?</title>
					<adlcp:prerequisites type="aicc_script">MOD_1_SCO_5</adlcp:prerequisites>
				</item>

				<item identifier="MOD_1_SCO_7" identifierref="RES_7" isvisible="true">
					<title>Quais são os principais erros na produção do Briefing?</title>
					<adlcp:prerequisites type="aicc_script">MOD_1_SCO_6</adlcp:prerequisites>
				</item>	
			
				<item identifier="MOD_1_SCO_8" identifierref="RES_8" isvisible="true">
					<title>Defina a sua estratégia</title>
					<adlcp:prerequisites type="aicc_script">MOD_1_SCO_7</adlcp:prerequisites>
				</item>

				<item identifier="MOD_1_SCO_9" identifierref="RES_9" isvisible="true">
					<title>Visite o Cliente</title>
					<adlcp:prerequisites type="aicc_script">MOD_1_SCO_8</adlcp:prerequisites>
				</item>	

				<item identifier="MOD_1_SCO_10" identifierref="RES_10" isvisible="true">
					<title>"Cole" no seu Cliente</title>
					<adlcp:prerequisites type="aicc_script">MOD_1_SCO_9</adlcp:prerequisites>
				</item>	

				<item identifier="MOD_1_SCO_11" identifierref="RES_11" isvisible="true">
					<title>Conheça o seu cliente por variados meios</title>
					<adlcp:prerequisites type="aicc_script">MOD_1_SCO_10</adlcp:prerequisites>
				</item>	
	
				<item identifier="MOD_1_SCO_12" identifierref="RES_12" isvisible="true">
					<title>Como montar um Briefing?</title>
					<adlcp:prerequisites type="aicc_script">MOD_1_SCO_11</adlcp:prerequisites>
				</item>	

				<item identifier="MOD_1_SCO_13" identifierref="RES_13" isvisible="true">
					<title>Onde montar um Briefing?</title>
					<adlcp:prerequisites type="aicc_script">MOD_1_SCO_12</adlcp:prerequisites>
				</item>	

				<item identifier="MOD_1_SCO_14" identifierref="RES_14" isvisible="true">
					<title>Ferramenta Evernote</title>
					<adlcp:prerequisites type="aicc_script">MOD_1_SCO_13</adlcp:prerequisites>
				</item>	

				<item identifier="MOD_1_SCO_15" identifierref="RES_15" isvisible="true">
					<title>Bloco de Notas</title>
					<adlcp:prerequisites type="aicc_script">MOD_1_SCO_14</adlcp:prerequisites>
				</item>	

				<item identifier="MOD_1_SCO_16" identifierref="RES_16" isvisible="true">
					<title>Seja Objetivo</title>
					<adlcp:prerequisites type="aicc_script">MOD_1_SCO_15</adlcp:prerequisites>
				</item>	

				<item identifier="MOD_1_SCO_17" identifierref="RES_17" isvisible="true">
					<title>Como Analisar um Briefing</title>
					<adlcp:prerequisites type="aicc_script">MOD_1_SCO_16</adlcp:prerequisites>
				</item>	

				<item identifier="MOD_1_SCO_18" identifierref="RES_18" isvisible="true">
					<title>Quem deve elaborar um Briefing</title>
					<adlcp:prerequisites type="aicc_script">MOD_1_SCO_17</adlcp:prerequisites>
				</item>
		</item>

			<item identifier="MOD_2" isvisible="true">
				<title>Principais perguntas para um briefing</title>
				<item identifier="MOD_2_SCO_1" identifierref="RES_19" isvisible="true">
					<title>Qual o público-alvo?</title>
					<adlcp:prerequisites type="aicc_script">MOD_1_SCO_18</adlcp:prerequisites>
				</item>	

				<item identifier="MOD_2_SCO_2" identifierref="RES_20" isvisible="true">
					<title>Pergunte sobre as objeções</title>
					<adlcp:prerequisites type="aicc_script">MOD_2_SCO_1</adlcp:prerequisites>
				</item>	

				<item identifier="MOD_2_SCO_3" identifierref="RES_21" isvisible="true">
					<title>Quais são as referências?</title>
					<adlcp:prerequisites type="aicc_script">MOD_2_SCO_2</adlcp:prerequisites>
				</item>	

				<item identifier="MOD_2_SCO_4" identifierref="RES_22" isvisible="true">
					<title>Caso de Ensino</title>
					<adlcp:prerequisites type="aicc_script">MOD_2_SCO_3</adlcp:prerequisites>
				</item>	

				<item identifier="MOD_2_SCO_5" identifierref="RES_23" isvisible="true">
					<title>Resposta</title>
					<adlcp:prerequisites type="aicc_script">MOD_2_SCO_4</adlcp:prerequisites>
				</item>	

				<item identifier="MOD_2_SCO_6" identifierref="RES_24" isvisible="true">
					<title>Finalizando o Módulo</title>
					<adlcp:prerequisites type="aicc_script">MOD_2_SCO_5</adlcp:prerequisites>
				</item>	
		</item>

				
			  <metadata>
			  <schema>ADL SCORM</schema>
			  <schemaversion>1.2</schemaversion>
			  <location>indefinido.xml</location>
			</metadata>
		</organization>
	</organizations>
	<resources>
		<resource identifier="INC" adlcp:scormtype="asset" type="webcontent">
			<file href="src/includes/apiwrapper.js"/>
			<file href="src/includes/scofunctions.js"/>
			<file href="src/includes/conteudo.js"/>
		</resource>
		
		<resource identifier="RES_1" type="webcontent" adlcp:scormtype="sco" href="src/index.html">
		   <file href="src/index.html"/>
		   <dependency identifierref="INC"/>
		</resource>
		
		<resource identifier="RES_2" type="webcontent" adlcp:scormtype="sco" href="src/apresentacao.html">
		   <file href="src/apresentacao.html"/>
		   <dependency identifierref="INC"/>
		</resource>

		<resource identifier="RES_3" type="webcontent" adlcp:scormtype="sco" href="src/pagina3.html">
		   <file href="src/pagina3.html"/>
		   <dependency identifierref="INC"/>
		</resource>
		<resource identifier="RES_4" type="webcontent" adlcp:scormtype="sco" href="src/pagina4.html">
		   <file href="src/pagina4.html"/>
		   <dependency identifierref="INC"/>
		</resource>

		<resource identifier="RES_5" type="webcontent" adlcp:scormtype="sco" href="src/pagina5.html">
		   <file href="src/pagina5.html"/>
		   <dependency identifierref="INC"/>
		</resource>

		<resource identifier="RES_6" type="webcontent" adlcp:scormtype="sco" href="src/pagina6.html">
		   <file href="src/pagina6.html"/>
		   <dependency identifierref="INC"/>
		</resource>
			<resource identifier="RES_7" type="webcontent" adlcp:scormtype="sco" href="src/pagina7a10.html">
		   <file href="src/pagina7a10.html"/>
		   <dependency identifierref="INC"/>
		</resource>

		<resource identifier="RES_8" type="webcontent" adlcp:scormtype="sco" href="src/pagina11.html">
		   <file href="src/pagina11.html"/>
		   <dependency identifierref="INC"/>
		</resource>

		<resource identifier="RES_9" type="webcontent" adlcp:scormtype="sco" href="src/pagina12.html">
		   <file href="src/pagina12.html"/>
		   <dependency identifierref="INC"/>
		</resource>

		<resource identifier="RES_10" type="webcontent" adlcp:scormtype="sco" href="src/pagina13.html">
		   <file href="src/pagina13.html"/>
		   <dependency identifierref="INC"/>
		</resource>
			
		<resource identifier="RES_11" type="webcontent" adlcp:scormtype="sco" href="src/pagina14.html">
		   <file href="src/pagina14.html"/>
		   <dependency identifierref="INC"/>
		</resource>

		<resource identifier="RES_12" type="webcontent" adlcp:scormtype="sco" href="src/pagina15.html">
		   <file href="src/pagina15.html"/>
		   <dependency identifierref="INC"/>
		</resource>

			<resource identifier="RES_13" type="webcontent" adlcp:scormtype="sco" href="src/pagina16.html">
		   <file href="src/pagina16.html"/>
		   <dependency identifierref="INC"/>
		</resource>

		<resource identifier="RES_14" type="webcontent" adlcp:scormtype="sco" href="src/pagina17.html">
		   <file href="src/pagina17.html"/>
		   <dependency identifierref="INC"/>
		</resource>

		<resource identifier="RES_15" type="webcontent" adlcp:scormtype="sco" href="src/pagina18.html">
		   <file href="src/pagina18.html"/>
		   <dependency identifierref="INC"/>
		</resource>

		<resource identifier="RES_16" type="webcontent" adlcp:scormtype="sco" href="src/pagina19.html">
		   <file href="src/pagina19.html"/>
		   <dependency identifierref="INC"/>
		</resource>

		<resource identifier="RES_17" type="webcontent" adlcp:scormtype="sco" href="src/pagina20.html">
		   <file href="src/pagina20.html"/>
		   <dependency identifierref="INC"/>
		</resource>

		<resource identifier="RES_18" type="webcontent" adlcp:scormtype="sco" href="src/pagina21.html">
		   <file href="src/pagina21.html"/>
		   <dependency identifierref="INC"/>
		</resource>

		<resource identifier="RES_19" type="webcontent" adlcp:scormtype="sco" href="src/pagina22e23.html">
		   <file href="src/pagina22e23.html"/>
		   <dependency identifierref="INC"/>
		</resource>

		<resource identifier="RES_20" type="webcontent" adlcp:scormtype="sco" href="src/pagina24e25.html">
		   <file href="src/pagina24e25.html"/>
		   <dependency identifierref="INC"/>
		</resource>

		<resource identifier="RES_21" type="webcontent" adlcp:scormtype="sco" href="src/pagina26e27.html">
		   <file href="src/pagina26e27.html"/>
		   <dependency identifierref="INC"/>
		</resource>

		<resource identifier="RES_22" type="webcontent" adlcp:scormtype="sco" href="src/pagina28.html">
		   <file href="src/pagina28.html"/>
		   <dependency identifierref="INC"/>
		</resource>

		<resource identifier="RES_23" type="webcontent" adlcp:scormtype="sco" href="src/pagina29.html">
		   <file href="src/pagina29.html"/>
		   <dependency identifierref="INC"/>
		</resource>

		<resource identifier="RES_24" type="webcontent" adlcp:scormtype="sco" href="src/pagina30.html">
		   <file href="src/pagina30.html"/>
		   <dependency identifierref="INC"/>
		</resource>


	</resources>
</manifest>
